,Brand Recognition,Perubahan
0,erigo,99
1,erigo,90
2,erigo,97
3,erigo,85
4,erigo,94
5,erigo,80
6,erigo,96
7,erigo,98
8,erigo,82
9,erigo,94
10,erigo,87
11,erigo,88
12,erigo,83
13,erigo,98
14,erigo,88
15,erigo,82
16,erigo,84
17,erigo,93
18,erigo,98
19,erigo,86
20,erigo,97
21,erigo,96
22,erigo,93
23,erigo,95
24,erigo,84
25,erigo,93
26,erigo,87
27,erigo,93
28,erigo,84
29,erigo,95
30,erigo,82
31,erigo,93
32,erigo,88
33,erigo,80
34,erigo,82
35,erigo,96
36,erigo,87
37,erigo,92
38,erigo,92
39,erigo,98
40,erigo,91
41,erigo,87
42,erigo,95
43,erigo,83
44,erigo,82
45,erigo,89
46,erigo,93
47,erigo,93
48,erigo,99
49,erigo,81
50,erigo,99
51,erigo,80
52,erigo,93
53,erigo,83
54,erigo,87
55,erigo,95
56,erigo,85
57,erigo,89
58,erigo,93
59,erigo,89
60,erigo,95
61,erigo,80
62,erigo,99
63,erigo,85
64,erigo,97
65,erigo,99
66,erigo,90
67,erigo,82
68,erigo,99
69,erigo,96
70,erigo,84
71,erigo,87
72,erigo,87
73,erigo,92
74,erigo,91
75,erigo,86
76,erigo,85
77,erigo,100
78,erigo,96
79,erigo,92
80,erigo,100
81,erigo,89
82,erigo,96
83,erigo,87
84,erigo,85
85,erigo,95
86,erigo,97
87,erigo,97
88,erigo,99
89,erigo,80
90,erigo,100
91,erigo,81
92,erigo,96
93,erigo,95
94,erigo,81
95,erigo,96
96,erigo,90
97,erigo,85
98,erigo,96
99,erigo,89
100,erigo,83
101,erigo,81
102,erigo,89
103,erigo,97
104,erigo,82
105,erigo,100
106,erigo,94
107,erigo,94
108,erigo,100
109,erigo,97
110,erigo,86
111,erigo,89
112,erigo,84
113,erigo,96
114,erigo,92
115,erigo,83
116,erigo,82
117,erigo,98
118,erigo,86
119,erigo,81
120,erigo,95
121,erigo,99
122,erigo,88
123,erigo,92
124,erigo,88
125,erigo,83
126,erigo,88
127,erigo,100
128,erigo,100
129,erigo,90
130,erigo,92
131,erigo,92
132,erigo,88
133,erigo,100
134,erigo,95
135,erigo,97
136,erigo,92
137,erigo,95
138,erigo,85
139,erigo,88
140,erigo,86
141,erigo,85
142,erigo,89
143,erigo,89
144,erigo,81
145,erigo,83
146,erigo,87
147,erigo,82
148,erigo,95
149,erigo,93
150,erigo,93
151,erigo,81
152,erigo,82
153,erigo,99
154,erigo,95
155,erigo,85
156,erigo,98
157,erigo,81
158,erigo,80
159,erigo,83
160,erigo,96
161,erigo,87
162,erigo,81
163,erigo,87
164,erigo,81
165,erigo,86
166,erigo,89
167,erigo,94
168,erigo,96
169,erigo,88
170,erigo,83
171,erigo,92
172,erigo,100
173,erigo,87
174,erigo,92
175,erigo,87
176,erigo,95
177,erigo,94
178,erigo,86
179,erigo,98
180,erigo,80
181,erigo,81
182,erigo,96
183,erigo,100
184,erigo,90
185,erigo,94
186,erigo,97
187,erigo,97
188,erigo,80
189,erigo,87
190,erigo,81
191,erigo,81
192,erigo,90
193,erigo,98
194,erigo,87
195,erigo,85
196,erigo,82
197,erigo,87
198,erigo,96
199,erigo,83
200,erigo,97
201,erigo,95
202,erigo,100
203,erigo,97
204,erigo,92
205,erigo,82
206,erigo,84
207,erigo,81
208,erigo,81
209,erigo,90
210,erigo,81
211,erigo,86
212,erigo,80
213,erigo,92
214,erigo,100
215,erigo,95
216,erigo,95
217,erigo,80
218,erigo,83
219,erigo,99
220,erigo,90
221,erigo,98
222,erigo,88
223,erigo,86
224,erigo,81
225,erigo,96
226,erigo,92
227,erigo,96
228,erigo,96
229,erigo,83
230,erigo,96
231,erigo,98
232,erigo,88
233,erigo,89
234,erigo,94
235,erigo,97
236,erigo,89
237,erigo,86
238,erigo,92
239,erigo,94
240,erigo,97
241,erigo,90
242,erigo,88
243,erigo,96
244,erigo,82
245,erigo,88
246,erigo,87
247,erigo,81
248,erigo,87
249,erigo,100
250,erigo,95
251,erigo,90
252,erigo,83
253,erigo,96
254,erigo,94
255,erigo,94
256,erigo,81
257,erigo,84
258,erigo,84
259,erigo,90
260,erigo,94
261,erigo,94
262,erigo,91
263,erigo,90
264,erigo,83
265,erigo,95
266,erigo,85
267,erigo,80
268,erigo,96
269,erigo,80
270,erigo,97
271,erigo,81
272,erigo,81
273,erigo,84
274,erigo,100
275,erigo,85
276,erigo,89
277,erigo,98
278,erigo,81
279,erigo,96
280,erigo,89
281,erigo,96
282,erigo,82
283,erigo,95
284,erigo,81
285,erigo,96
286,erigo,100
287,erigo,100
288,erigo,87
289,erigo,98
290,erigo,95
291,erigo,90
292,erigo,88
293,erigo,99
294,erigo,94
295,erigo,95
296,erigo,87
297,erigo,82
298,erigo,89
299,erigo,84
300,robot,36
301,robot,47
302,robot,49
303,robot,44
304,robot,34
305,robot,42
306,robot,40
307,robot,48
308,robot,32
309,robot,50
310,robot,50
311,robot,32
312,robot,39
313,robot,30
314,robot,37
315,robot,30
316,robot,34
317,robot,48
318,robot,36
319,robot,44
320,robot,49
321,robot,39
322,robot,50
323,robot,48
324,robot,31
325,robot,34
326,robot,47
327,robot,36
328,robot,37
329,robot,33
330,robot,45
331,robot,30
332,robot,38
333,robot,40
334,robot,32
335,robot,48
336,robot,40
337,robot,44
338,robot,31
339,robot,32
340,robot,49
341,robot,34
342,robot,36
343,robot,39
344,robot,33
345,robot,46
346,robot,41
347,robot,38
348,robot,46
349,robot,43
350,robot,30
351,robot,46
352,robot,33
353,robot,35
354,robot,31
355,robot,44
356,robot,39
357,robot,37
358,robot,46
359,robot,35
360,robot,43
361,robot,43
362,robot,40
363,robot,35
364,robot,39
365,robot,50
366,robot,40
367,robot,49
368,robot,49
369,robot,39
370,robot,50
371,robot,38
372,robot,40
373,robot,34
374,robot,31
375,robot,47
376,robot,50
377,robot,30
378,robot,40
379,robot,48
380,robot,48
381,robot,46
382,robot,31
383,robot,35
384,robot,34
385,robot,46
386,robot,38
387,robot,40
388,robot,35
389,robot,33
390,robot,40
391,robot,37
392,robot,47
393,robot,35
394,robot,50
395,robot,31
396,robot,43
397,robot,44
398,robot,49
399,robot,43
400,robot,33
401,robot,38
402,robot,44
403,robot,35
404,robot,38
405,robot,38
406,robot,48
407,robot,48
408,robot,36
409,robot,33
410,robot,47
411,robot,40
412,robot,30
413,robot,39
414,robot,42
415,robot,48
416,robot,47
417,robot,31
418,robot,35
419,robot,49
420,robot,41
421,robot,40
422,robot,37
423,robot,46
424,robot,35
425,robot,41
426,robot,46
427,robot,31
428,robot,37
429,robot,30
430,robot,40
431,robot,44
432,robot,33
433,robot,42
434,robot,37
435,robot,42
436,robot,49
437,robot,34
438,robot,30
439,robot,42
440,robot,30
441,robot,36
442,robot,33
443,robot,49
444,robot,33
445,robot,34
446,robot,41
447,robot,32
448,robot,35
449,robot,45
450,robot,49
451,robot,42
452,robot,38
453,robot,31
454,robot,34
455,robot,32
456,robot,43
457,robot,30
458,robot,35
459,robot,39
460,robot,45
461,robot,48
462,robot,38
463,robot,38
464,robot,33
465,robot,31
466,robot,39
467,robot,44
468,robot,50
469,robot,49
470,robot,37
471,robot,46
472,robot,34
473,robot,47
474,robot,38
475,robot,33
476,robot,40
477,robot,50
478,robot,50
479,robot,30
480,robot,42
481,robot,36
482,robot,35
483,robot,30
484,robot,39
485,robot,33
486,robot,32
487,robot,30
488,robot,46
489,robot,45
490,robot,35
491,robot,46
492,robot,32
493,robot,40
494,robot,30
495,robot,47
496,robot,33
497,robot,32
498,robot,38
499,robot,49
500,robot,37
501,robot,34
502,robot,49
503,robot,50
504,robot,43
505,robot,39
506,robot,50
507,robot,41
508,robot,42
509,robot,31
510,robot,50
511,robot,38
512,robot,48
513,robot,43
514,robot,37
515,robot,49
516,robot,31
517,robot,49
518,robot,35
519,robot,39
520,robot,47
521,robot,48
522,robot,50
523,robot,41
524,robot,48
525,robot,33
526,robot,30
527,robot,35
528,robot,47
529,robot,38
530,robot,30
531,robot,38
532,robot,41
533,robot,36
534,robot,46
535,robot,47
536,robot,37
537,robot,31
538,robot,30
539,robot,30
540,robot,32
541,robot,35
542,robot,37
543,robot,30
544,robot,48
545,robot,36
546,robot,37
547,robot,33
548,robot,38
549,robot,47
550,robot,50
551,robot,39
552,robot,39
553,robot,37
554,robot,47
555,robot,35
556,robot,31
557,robot,48
558,robot,37
559,robot,33
560,robot,40
561,robot,32
562,robot,37
563,robot,35
564,robot,31
565,robot,37
566,robot,33
567,robot,31
568,robot,50
569,robot,37
570,robot,36
571,robot,45
572,robot,32
573,robot,50
574,robot,38
575,robot,50
576,robot,31
577,robot,43
578,robot,37
579,robot,44
580,robot,32
581,robot,41
582,robot,33
583,robot,40
584,robot,43
585,robot,46
586,robot,36
587,robot,45
588,robot,43
589,robot,42
590,robot,35
591,robot,36
592,robot,34
593,robot,35
594,robot,42
595,robot,44
596,robot,32
597,robot,49
598,robot,34
599,robot,31
600,sandisk,75
601,sandisk,70
602,sandisk,62
603,sandisk,75
604,sandisk,72
605,sandisk,75
606,sandisk,78
607,sandisk,74
608,sandisk,74
609,sandisk,70
610,sandisk,75
611,sandisk,74
612,sandisk,76
613,sandisk,66
614,sandisk,77
615,sandisk,63
616,sandisk,60
617,sandisk,71
618,sandisk,62
619,sandisk,80
620,sandisk,64
621,sandisk,75
622,sandisk,74
623,sandisk,79
624,sandisk,70
625,sandisk,75
626,sandisk,62
627,sandisk,69
628,sandisk,60
629,sandisk,73
630,sandisk,78
631,sandisk,75
632,sandisk,80
633,sandisk,73
634,sandisk,72
635,sandisk,76
636,sandisk,77
637,sandisk,80
638,sandisk,71
639,sandisk,75
640,sandisk,60
641,sandisk,65
642,sandisk,63
643,sandisk,79
644,sandisk,72
645,sandisk,71
646,sandisk,70
647,sandisk,66
648,sandisk,69
649,sandisk,71
650,sandisk,63
651,sandisk,77
652,sandisk,71
653,sandisk,60
654,sandisk,66
655,sandisk,66
656,sandisk,75
657,sandisk,63
658,sandisk,75
659,sandisk,67
660,sandisk,74
661,sandisk,68
662,sandisk,72
663,sandisk,62
664,sandisk,75
665,sandisk,70
666,sandisk,67
667,sandisk,72
668,sandisk,73
669,sandisk,71
670,sandisk,75
671,sandisk,72
672,sandisk,62
673,sandisk,78
674,sandisk,64
675,sandisk,78
676,sandisk,61
677,sandisk,80
678,sandisk,71
679,sandisk,80
680,sandisk,69
681,sandisk,69
682,sandisk,80
683,sandisk,67
684,sandisk,75
685,sandisk,74
686,sandisk,75
687,sandisk,75
688,sandisk,67
689,sandisk,67
690,sandisk,71
691,sandisk,70
692,sandisk,65
693,sandisk,74
694,sandisk,62
695,sandisk,74
696,sandisk,68
697,sandisk,66
698,sandisk,64
699,sandisk,60
700,sandisk,67
701,sandisk,77
702,sandisk,73
703,sandisk,77
704,sandisk,69
705,sandisk,78
706,sandisk,75
707,sandisk,69
708,sandisk,70
709,sandisk,66
710,sandisk,70
711,sandisk,66
712,sandisk,61
713,sandisk,68
714,sandisk,61
715,sandisk,64
716,sandisk,69
717,sandisk,64
718,sandisk,61
719,sandisk,69
720,sandisk,66
721,sandisk,65
722,sandisk,74
723,sandisk,60
724,sandisk,68
725,sandisk,68
726,sandisk,67
727,sandisk,71
728,sandisk,73
729,sandisk,66
730,sandisk,61
731,sandisk,66
732,sandisk,72
733,sandisk,72
734,sandisk,75
735,sandisk,66
736,sandisk,73
737,sandisk,76
738,sandisk,71
739,sandisk,75
740,sandisk,76
741,sandisk,72
742,sandisk,74
743,sandisk,72
744,sandisk,72
745,sandisk,74
746,sandisk,80
747,sandisk,68
748,sandisk,61
749,sandisk,76
750,sandisk,73
751,sandisk,65
752,sandisk,73
753,sandisk,69
754,sandisk,80
755,sandisk,67
756,sandisk,64
757,sandisk,78
758,sandisk,65
759,sandisk,80
760,sandisk,63
761,sandisk,79
762,sandisk,68
763,sandisk,74
764,sandisk,72
765,sandisk,60
766,sandisk,61
767,sandisk,67
768,sandisk,75
769,sandisk,80
770,sandisk,67
771,sandisk,64
772,sandisk,69
773,sandisk,67
774,sandisk,61
775,sandisk,67
776,sandisk,68
777,sandisk,67
778,sandisk,78
779,sandisk,80
780,sandisk,72
781,sandisk,70
782,sandisk,66
783,sandisk,68
784,sandisk,65
785,sandisk,70
786,sandisk,71
787,sandisk,66
788,sandisk,62
789,sandisk,69
790,sandisk,68
791,sandisk,64
792,sandisk,73
793,sandisk,75
794,sandisk,61
795,sandisk,68
796,sandisk,65
797,sandisk,74
798,sandisk,73
799,sandisk,61
800,sandisk,79
801,sandisk,74
802,sandisk,60
803,sandisk,79
804,sandisk,62
805,sandisk,62
806,sandisk,75
807,sandisk,62
808,sandisk,66
809,sandisk,60
810,sandisk,75
811,sandisk,68
812,sandisk,71
813,sandisk,70
814,sandisk,67
815,sandisk,72
816,sandisk,62
817,sandisk,77
818,sandisk,75
819,sandisk,73
820,sandisk,79
821,sandisk,64
822,sandisk,73
823,sandisk,66
824,sandisk,72
825,sandisk,71
826,sandisk,61
827,sandisk,60
828,sandisk,68
829,sandisk,75
830,sandisk,72
831,sandisk,73
832,sandisk,66
833,sandisk,67
834,sandisk,73
835,sandisk,60
836,sandisk,65
837,sandisk,64
838,sandisk,70
839,sandisk,65
840,sandisk,71
841,sandisk,75
842,sandisk,72
843,sandisk,69
844,sandisk,65
845,sandisk,70
846,sandisk,60
847,sandisk,73
848,sandisk,69
849,sandisk,79
850,sandisk,69
851,sandisk,79
852,sandisk,60
853,sandisk,68
854,sandisk,67
855,sandisk,64
856,sandisk,76
857,sandisk,74
858,sandisk,71
859,sandisk,71
860,sandisk,76
861,sandisk,60
862,sandisk,73
863,sandisk,80
864,sandisk,71
865,sandisk,72
866,sandisk,64
867,sandisk,78
868,sandisk,70
869,sandisk,73
870,sandisk,65
871,sandisk,76
872,sandisk,78
873,sandisk,80
874,sandisk,60
875,sandisk,75
876,sandisk,64
877,sandisk,64
878,sandisk,72
879,sandisk,80
880,sandisk,74
881,sandisk,69
882,sandisk,65
883,sandisk,77
884,sandisk,77
885,sandisk,71
886,sandisk,76
887,sandisk,78
888,sandisk,78
889,sandisk,80
890,sandisk,75
891,sandisk,68
892,sandisk,65
893,sandisk,62
894,sandisk,71
895,sandisk,63
896,sandisk,64
897,sandisk,74
898,sandisk,72
899,sandisk,65
900,teamgroup,42
901,teamgroup,43
902,teamgroup,58
903,teamgroup,55
904,teamgroup,45
905,teamgroup,59
906,teamgroup,45
907,teamgroup,52
908,teamgroup,43
909,teamgroup,43
910,teamgroup,41
911,teamgroup,51
912,teamgroup,44
913,teamgroup,53
914,teamgroup,54
915,teamgroup,60
916,teamgroup,42
917,teamgroup,58
918,teamgroup,48
919,teamgroup,57
920,teamgroup,53
921,teamgroup,46
922,teamgroup,50
923,teamgroup,45
924,teamgroup,42
925,teamgroup,42
926,teamgroup,48
927,teamgroup,57
928,teamgroup,45
929,teamgroup,45
930,teamgroup,51
931,teamgroup,41
932,teamgroup,52
933,teamgroup,58
934,teamgroup,43
935,teamgroup,52
936,teamgroup,56
937,teamgroup,50
938,teamgroup,54
939,teamgroup,46
940,teamgroup,42
941,teamgroup,40
942,teamgroup,45
943,teamgroup,50
944,teamgroup,45
945,teamgroup,55
946,teamgroup,40
947,teamgroup,58
948,teamgroup,60
949,teamgroup,59
950,teamgroup,60
951,teamgroup,57
952,teamgroup,46
953,teamgroup,43
954,teamgroup,43
955,teamgroup,42
956,teamgroup,48
957,teamgroup,48
958,teamgroup,48
959,teamgroup,50
960,teamgroup,41
961,teamgroup,58
962,teamgroup,42
963,teamgroup,58
964,teamgroup,49
965,teamgroup,46
966,teamgroup,46
967,teamgroup,46
968,teamgroup,60
969,teamgroup,50
970,teamgroup,47
971,teamgroup,51
972,teamgroup,52
973,teamgroup,59
974,teamgroup,54
975,teamgroup,44
976,teamgroup,55
977,teamgroup,55
978,teamgroup,44
979,teamgroup,42
980,teamgroup,52
981,teamgroup,44
982,teamgroup,50
983,teamgroup,46
984,teamgroup,55
985,teamgroup,59
986,teamgroup,59
987,teamgroup,56
988,teamgroup,42
989,teamgroup,44
990,teamgroup,50
991,teamgroup,45
992,teamgroup,55
993,teamgroup,44
994,teamgroup,40
995,teamgroup,44
996,teamgroup,55
997,teamgroup,58
998,teamgroup,42
999,teamgroup,48
1000,teamgroup,59
1001,teamgroup,40
1002,teamgroup,59
1003,teamgroup,57
1004,teamgroup,49
1005,teamgroup,51
1006,teamgroup,41
1007,teamgroup,43
1008,teamgroup,60
1009,teamgroup,52
1010,teamgroup,42
1011,teamgroup,46
1012,teamgroup,59
1013,teamgroup,57
1014,teamgroup,43
1015,teamgroup,58
1016,teamgroup,59
1017,teamgroup,54
1018,teamgroup,44
1019,teamgroup,50
1020,teamgroup,43
1021,teamgroup,49
1022,teamgroup,46
1023,teamgroup,53
1024,teamgroup,60
1025,teamgroup,56
1026,teamgroup,40
1027,teamgroup,45
1028,teamgroup,48
1029,teamgroup,42
1030,teamgroup,43
1031,teamgroup,44
1032,teamgroup,44
1033,teamgroup,57
1034,teamgroup,46
1035,teamgroup,52
1036,teamgroup,43
1037,teamgroup,60
1038,teamgroup,46
1039,teamgroup,50
1040,teamgroup,57
1041,teamgroup,52
1042,teamgroup,60
1043,teamgroup,48
1044,teamgroup,47
1045,teamgroup,40
1046,teamgroup,47
1047,teamgroup,47
1048,teamgroup,47
1049,teamgroup,58
1050,teamgroup,42
1051,teamgroup,56
1052,teamgroup,52
1053,teamgroup,58
1054,teamgroup,43
1055,teamgroup,53
1056,teamgroup,60
1057,teamgroup,60
1058,teamgroup,53
1059,teamgroup,40
1060,teamgroup,44
1061,teamgroup,54
1062,teamgroup,55
1063,teamgroup,54
1064,teamgroup,43
1065,teamgroup,51
1066,teamgroup,44
1067,teamgroup,53
1068,teamgroup,53
1069,teamgroup,54
1070,teamgroup,52
1071,teamgroup,53
1072,teamgroup,47
1073,teamgroup,46
1074,teamgroup,53
1075,teamgroup,42
1076,teamgroup,50
1077,teamgroup,49
1078,teamgroup,54
1079,teamgroup,50
1080,teamgroup,42
1081,teamgroup,51
1082,teamgroup,40
1083,teamgroup,48
1084,teamgroup,40
1085,teamgroup,51
1086,teamgroup,56
1087,teamgroup,57
1088,teamgroup,54
1089,teamgroup,56
1090,teamgroup,55
1091,teamgroup,41
1092,teamgroup,58
1093,teamgroup,52
1094,teamgroup,47
1095,teamgroup,47
1096,teamgroup,45
1097,teamgroup,60
1098,teamgroup,43
1099,teamgroup,59
1100,teamgroup,58
1101,teamgroup,51
1102,teamgroup,57
1103,teamgroup,43
1104,teamgroup,53
1105,teamgroup,48
1106,teamgroup,58
1107,teamgroup,53
1108,teamgroup,50
1109,teamgroup,50
1110,teamgroup,58
1111,teamgroup,56
1112,teamgroup,60
1113,teamgroup,59
1114,teamgroup,52
1115,teamgroup,45
1116,teamgroup,53
1117,teamgroup,54
1118,teamgroup,42
1119,teamgroup,60
1120,teamgroup,52
1121,teamgroup,57
1122,teamgroup,40
1123,teamgroup,51
1124,teamgroup,46
1125,teamgroup,44
1126,teamgroup,41
1127,teamgroup,56
1128,teamgroup,55
1129,teamgroup,57
1130,teamgroup,55
1131,teamgroup,60
1132,teamgroup,57
1133,teamgroup,52
1134,teamgroup,52
1135,teamgroup,50
1136,teamgroup,57
1137,teamgroup,44
1138,teamgroup,42
1139,teamgroup,56
1140,teamgroup,58
1141,teamgroup,55
1142,teamgroup,55
1143,teamgroup,52
1144,teamgroup,59
1145,teamgroup,45
1146,teamgroup,55
1147,teamgroup,50
1148,teamgroup,40
1149,teamgroup,56
1150,teamgroup,47
1151,teamgroup,51
1152,teamgroup,49
1153,teamgroup,50
1154,teamgroup,42
1155,teamgroup,53
1156,teamgroup,45
1157,teamgroup,52
1158,teamgroup,60
1159,teamgroup,47
1160,teamgroup,41
1161,teamgroup,51
1162,teamgroup,51
1163,teamgroup,53
1164,teamgroup,53
1165,teamgroup,49
1166,teamgroup,49
1167,teamgroup,53
1168,teamgroup,51
1169,teamgroup,60
1170,teamgroup,57
1171,teamgroup,42
1172,teamgroup,53
1173,teamgroup,43
1174,teamgroup,43
1175,teamgroup,47
1176,teamgroup,49
1177,teamgroup,41
1178,teamgroup,48
1179,teamgroup,41
1180,teamgroup,52
1181,teamgroup,47
1182,teamgroup,47
1183,teamgroup,57
1184,teamgroup,45
1185,teamgroup,56
1186,teamgroup,51
1187,teamgroup,45
1188,teamgroup,48
1189,teamgroup,59
1190,teamgroup,50
1191,teamgroup,47
1192,teamgroup,57
1193,teamgroup,42
1194,teamgroup,55
1195,teamgroup,47
1196,teamgroup,45
1197,teamgroup,44
1198,teamgroup,50
1199,teamgroup,45
1200,gm,58
1201,gm,54
1202,gm,68
1203,gm,58
1204,gm,55
1205,gm,62
1206,gm,51
1207,gm,51
1208,gm,59
1209,gm,64
1210,gm,56
1211,gm,55
1212,gm,69
1213,gm,58
1214,gm,66
1215,gm,57
1216,gm,58
1217,gm,58
1218,gm,55
1219,gm,58
1220,gm,53
1221,gm,67
1222,gm,53
1223,gm,65
1224,gm,56
1225,gm,68
1226,gm,69
1227,gm,68
1228,gm,52
1229,gm,61
1230,gm,56
1231,gm,60
1232,gm,52
1233,gm,66
1234,gm,64
1235,gm,69
1236,gm,66
1237,gm,70
1238,gm,65
1239,gm,60
1240,gm,54
1241,gm,67
1242,gm,53
1243,gm,62
1244,gm,51
1245,gm,58
1246,gm,63
1247,gm,57
1248,gm,63
1249,gm,70
1250,gm,62
1251,gm,55
1252,gm,59
1253,gm,60
1254,gm,58
1255,gm,66
1256,gm,51
1257,gm,62
1258,gm,57
1259,gm,51
1260,gm,52
1261,gm,67
1262,gm,55
1263,gm,55
1264,gm,65
1265,gm,55
1266,gm,52
1267,gm,55
1268,gm,62
1269,gm,52
1270,gm,53
1271,gm,57
1272,gm,68
1273,gm,69
1274,gm,67
1275,gm,55
1276,gm,70
1277,gm,64
1278,gm,62
1279,gm,57
1280,gm,69
1281,gm,66
1282,gm,60
1283,gm,53
1284,gm,59
1285,gm,63
1286,gm,56
1287,gm,53
1288,gm,60
1289,gm,54
1290,gm,51
1291,gm,58
1292,gm,69
1293,gm,63
1294,gm,61
1295,gm,67
1296,gm,52
1297,gm,63
1298,gm,67
1299,gm,69
1300,gm,70
1301,gm,70
1302,gm,67
1303,gm,66
1304,gm,68
1305,gm,62
1306,gm,59
1307,gm,53
1308,gm,50
1309,gm,60
1310,gm,53
1311,gm,53
1312,gm,70
1313,gm,53
1314,gm,57
1315,gm,56
1316,gm,57
1317,gm,67
1318,gm,58
1319,gm,70
1320,gm,63
1321,gm,62
1322,gm,56
1323,gm,65
1324,gm,51
1325,gm,57
1326,gm,55
1327,gm,59
1328,gm,50
1329,gm,57
1330,gm,57
1331,gm,50
1332,gm,69
1333,gm,59
1334,gm,60
1335,gm,70
1336,gm,67
1337,gm,58
1338,gm,58
1339,gm,68
1340,gm,69
1341,gm,68
1342,gm,50
1343,gm,53
1344,gm,54
1345,gm,56
1346,gm,56
1347,gm,62
1348,gm,61
1349,gm,56
1350,gm,62
1351,gm,66
1352,gm,69
1353,gm,53
1354,gm,67
1355,gm,58
1356,gm,65
1357,gm,62
1358,gm,53
1359,gm,50
1360,gm,60
1361,gm,53
1362,gm,64
1363,gm,55
1364,gm,60
1365,gm,70
1366,gm,62
1367,gm,52
1368,gm,68
1369,gm,67
1370,gm,69
1371,gm,60
1372,gm,52
1373,gm,67
1374,gm,68
1375,gm,59
1376,gm,53
1377,gm,52
1378,gm,65
1379,gm,64
1380,gm,54
1381,gm,57
1382,gm,62
1383,gm,57
1384,gm,66
1385,gm,68
1386,gm,64
1387,gm,62
1388,gm,68
1389,gm,67
1390,gm,58
1391,gm,67
1392,gm,50
1393,gm,58
1394,gm,57
1395,gm,64
1396,gm,53
1397,gm,64
1398,gm,70
1399,gm,60
1400,gm,50
1401,gm,52
1402,gm,50
1403,gm,64
1404,gm,56
1405,gm,56
1406,gm,50
1407,gm,53
1408,gm,62
1409,gm,67
1410,gm,51
1411,gm,53
1412,gm,50
1413,gm,51
1414,gm,56
1415,gm,65
1416,gm,54
1417,gm,52
1418,gm,65
1419,gm,65
1420,gm,61
1421,gm,63
1422,gm,52
1423,gm,51
1424,gm,56
1425,gm,57
1426,gm,53
1427,gm,55
1428,gm,59
1429,gm,68
1430,gm,53
1431,gm,56
1432,gm,50
1433,gm,66
1434,gm,57
1435,gm,59
1436,gm,70
1437,gm,56
1438,gm,59
1439,gm,67
1440,gm,65
1441,gm,52
1442,gm,57
1443,gm,55
1444,gm,62
1445,gm,68
1446,gm,55
1447,gm,67
1448,gm,59
1449,gm,53
1450,gm,58
1451,gm,57
1452,gm,59
1453,gm,50
1454,gm,59
1455,gm,69
1456,gm,55
1457,gm,70
1458,gm,65
1459,gm,56
1460,gm,55
1461,gm,54
1462,gm,50
1463,gm,68
1464,gm,55
1465,gm,64
1466,gm,57
1467,gm,58
1468,gm,62
1469,gm,60
1470,gm,54
1471,gm,69
1472,gm,54
1473,gm,53
1474,gm,57
1475,gm,59
1476,gm,62
1477,gm,60
1478,gm,58
1479,gm,63
1480,gm,62
1481,gm,57
1482,gm,53
1483,gm,54
1484,gm,69
1485,gm,55
1486,gm,68
1487,gm,65
1488,gm,58
1489,gm,56
1490,gm,65
1491,gm,59
1492,gm,59
1493,gm,65
1494,gm,52
1495,gm,52
1496,gm,57
1497,gm,68
1498,gm,63
1499,gm,55
1500,rinnai,87
1501,rinnai,75
1502,rinnai,73
1503,rinnai,77
1504,rinnai,86
1505,rinnai,80
1506,rinnai,77
1507,rinnai,83
1508,rinnai,82
1509,rinnai,79
1510,rinnai,78
1511,rinnai,80
1512,rinnai,84
1513,rinnai,78
1514,rinnai,73
1515,rinnai,76
1516,rinnai,78
1517,rinnai,79
1518,rinnai,86
1519,rinnai,71
1520,rinnai,88
1521,rinnai,75
1522,rinnai,86
1523,rinnai,87
1524,rinnai,88
1525,rinnai,89
1526,rinnai,89
1527,rinnai,74
1528,rinnai,73
1529,rinnai,90
1530,rinnai,83
1531,rinnai,77
1532,rinnai,89
1533,rinnai,89
1534,rinnai,89
1535,rinnai,70
1536,rinnai,70
1537,rinnai,74
1538,rinnai,89
1539,rinnai,85
1540,rinnai,79
1541,rinnai,87
1542,rinnai,86
1543,rinnai,79
1544,rinnai,86
1545,rinnai,87
1546,rinnai,83
1547,rinnai,84
1548,rinnai,79
1549,rinnai,80
1550,rinnai,89
1551,rinnai,89
1552,rinnai,89
1553,rinnai,82
1554,rinnai,88
1555,rinnai,86
1556,rinnai,80
1557,rinnai,85
1558,rinnai,90
1559,rinnai,86
1560,rinnai,75
1561,rinnai,89
1562,rinnai,79
1563,rinnai,90
1564,rinnai,74
1565,rinnai,72
1566,rinnai,75
1567,rinnai,72
1568,rinnai,72
1569,rinnai,87
1570,rinnai,90
1571,rinnai,82
1572,rinnai,73
1573,rinnai,88
1574,rinnai,74
1575,rinnai,84
1576,rinnai,83
1577,rinnai,90
1578,rinnai,86
1579,rinnai,89
1580,rinnai,78
1581,rinnai,82
1582,rinnai,84
1583,rinnai,85
1584,rinnai,84
1585,rinnai,74
1586,rinnai,88
1587,rinnai,72
1588,rinnai,80
1589,rinnai,90
1590,rinnai,74
1591,rinnai,88
1592,rinnai,82
1593,rinnai,73
1594,rinnai,72
1595,rinnai,82
1596,rinnai,82
1597,rinnai,82
1598,rinnai,77
1599,rinnai,85
1600,rinnai,89
1601,rinnai,84
1602,rinnai,74
1603,rinnai,73
1604,rinnai,83
1605,rinnai,80
1606,rinnai,73
1607,rinnai,86
1608,rinnai,83
1609,rinnai,72
1610,rinnai,76
1611,rinnai,78
1612,rinnai,81
1613,rinnai,78
1614,rinnai,83
1615,rinnai,73
1616,rinnai,76
1617,rinnai,86
1618,rinnai,88
1619,rinnai,85
1620,rinnai,73
1621,rinnai,87
1622,rinnai,76
1623,rinnai,72
1624,rinnai,76
1625,rinnai,72
1626,rinnai,79
1627,rinnai,89
1628,rinnai,75
1629,rinnai,81
1630,rinnai,74
1631,rinnai,78
1632,rinnai,85
1633,rinnai,80
1634,rinnai,90
1635,rinnai,72
1636,rinnai,86
1637,rinnai,77
1638,rinnai,73
1639,rinnai,79
1640,rinnai,81
1641,rinnai,70
1642,rinnai,80
1643,rinnai,87
1644,rinnai,70
1645,rinnai,79
1646,rinnai,78
1647,rinnai,75
1648,rinnai,90
1649,rinnai,89
1650,rinnai,77
1651,rinnai,85
1652,rinnai,90
1653,rinnai,85
1654,rinnai,73
1655,rinnai,86
1656,rinnai,88
1657,rinnai,71
1658,rinnai,75
1659,rinnai,76
1660,rinnai,87
1661,rinnai,78
1662,rinnai,75
1663,rinnai,87
1664,rinnai,79
1665,rinnai,71
1666,rinnai,88
1667,rinnai,75
1668,rinnai,77
1669,rinnai,79
1670,rinnai,77
1671,rinnai,79
1672,rinnai,89
1673,rinnai,89
1674,rinnai,88
1675,rinnai,71
1676,rinnai,84
1677,rinnai,78
1678,rinnai,73
1679,rinnai,88
1680,rinnai,85
1681,rinnai,80
1682,rinnai,76
1683,rinnai,89
1684,rinnai,76
1685,rinnai,72
1686,rinnai,83
1687,rinnai,89
1688,rinnai,74
1689,rinnai,81
1690,rinnai,85
1691,rinnai,88
1692,rinnai,87
1693,rinnai,71
1694,rinnai,71
1695,rinnai,86
1696,rinnai,79
1697,rinnai,81
1698,rinnai,78
1699,rinnai,90
1700,rinnai,90
1701,rinnai,78
1702,rinnai,87
1703,rinnai,73
1704,rinnai,73
1705,rinnai,84
1706,rinnai,75
1707,rinnai,80
1708,rinnai,88
1709,rinnai,70
1710,rinnai,77
1711,rinnai,86
1712,rinnai,86
1713,rinnai,82
1714,rinnai,75
1715,rinnai,85
1716,rinnai,90
1717,rinnai,87
1718,rinnai,80
1719,rinnai,74
1720,rinnai,86
1721,rinnai,76
1722,rinnai,81
1723,rinnai,83
1724,rinnai,82
1725,rinnai,76
1726,rinnai,71
1727,rinnai,89
1728,rinnai,72
1729,rinnai,86
1730,rinnai,77
1731,rinnai,88
1732,rinnai,76
1733,rinnai,80
1734,rinnai,71
1735,rinnai,89
1736,rinnai,89
1737,rinnai,77
1738,rinnai,88
1739,rinnai,82
1740,rinnai,86
1741,rinnai,87
1742,rinnai,70
1743,rinnai,88
1744,rinnai,84
1745,rinnai,81
1746,rinnai,84
1747,rinnai,82
1748,rinnai,77
1749,rinnai,75
1750,rinnai,78
1751,rinnai,83
1752,rinnai,73
1753,rinnai,84
1754,rinnai,85
1755,rinnai,74
1756,rinnai,70
1757,rinnai,71
1758,rinnai,89
1759,rinnai,77
1760,rinnai,70
1761,rinnai,85
1762,rinnai,90
1763,rinnai,85
1764,rinnai,73
1765,rinnai,88
1766,rinnai,90
1767,rinnai,85
1768,rinnai,73
1769,rinnai,82
1770,rinnai,74
1771,rinnai,89
1772,rinnai,76
1773,rinnai,73
1774,rinnai,70
1775,rinnai,90
1776,rinnai,78
1777,rinnai,88
1778,rinnai,85
1779,rinnai,90
1780,rinnai,74
1781,rinnai,73
1782,rinnai,72
1783,rinnai,71
1784,rinnai,87
1785,rinnai,79
1786,rinnai,71
1787,rinnai,70
1788,rinnai,79
1789,rinnai,82
1790,rinnai,75
1791,rinnai,72
1792,rinnai,88
1793,rinnai,73
1794,rinnai,87
1795,rinnai,73
1796,rinnai,75
1797,rinnai,72
1798,rinnai,80
1799,rinnai,70
1800,xiaomi,39
1801,xiaomi,21
1802,xiaomi,36
1803,xiaomi,32
1804,xiaomi,37
1805,xiaomi,29
1806,xiaomi,32
1807,xiaomi,38
1808,xiaomi,24
1809,xiaomi,31
1810,xiaomi,27
1811,xiaomi,22
1812,xiaomi,38
1813,xiaomi,29
1814,xiaomi,36
1815,xiaomi,36
1816,xiaomi,32
1817,xiaomi,26
1818,xiaomi,34
1819,xiaomi,21
1820,xiaomi,37
1821,xiaomi,30
1822,xiaomi,33
1823,xiaomi,39
1824,xiaomi,29
1825,xiaomi,40
1826,xiaomi,21
1827,xiaomi,29
1828,xiaomi,23
1829,xiaomi,21
1830,xiaomi,24
1831,xiaomi,35
1832,xiaomi,35
1833,xiaomi,38
1834,xiaomi,35
1835,xiaomi,36
1836,xiaomi,35
1837,xiaomi,33
1838,xiaomi,33
1839,xiaomi,30
1840,xiaomi,25
1841,xiaomi,30
1842,xiaomi,24
1843,xiaomi,31
1844,xiaomi,20
1845,xiaomi,23
1846,xiaomi,38
1847,xiaomi,36
1848,xiaomi,37
1849,xiaomi,33
1850,xiaomi,28
1851,xiaomi,35
1852,xiaomi,20
1853,xiaomi,25
1854,xiaomi,30
1855,xiaomi,25
1856,xiaomi,23
1857,xiaomi,24
1858,xiaomi,24
1859,xiaomi,39
1860,xiaomi,31
1861,xiaomi,24
1862,xiaomi,21
1863,xiaomi,29
1864,xiaomi,29
1865,xiaomi,31
1866,xiaomi,33
1867,xiaomi,26
1868,xiaomi,27
1869,xiaomi,34
1870,xiaomi,39
1871,xiaomi,35
1872,xiaomi,38
1873,xiaomi,38
1874,xiaomi,35
1875,xiaomi,24
1876,xiaomi,26
1877,xiaomi,21
1878,xiaomi,22
1879,xiaomi,27
1880,xiaomi,27
1881,xiaomi,22
1882,xiaomi,39
1883,xiaomi,35
1884,xiaomi,31
1885,xiaomi,33
1886,xiaomi,24
1887,xiaomi,26
1888,xiaomi,23
1889,xiaomi,34
1890,xiaomi,23
1891,xiaomi,25
1892,xiaomi,20
1893,xiaomi,29
1894,xiaomi,38
1895,xiaomi,35
1896,xiaomi,38
1897,xiaomi,20
1898,xiaomi,38
1899,xiaomi,31
1900,xiaomi,33
1901,xiaomi,35
1902,xiaomi,28
1903,xiaomi,29
1904,xiaomi,23
1905,xiaomi,37
1906,xiaomi,35
1907,xiaomi,22
1908,xiaomi,30
1909,xiaomi,37
1910,xiaomi,31
1911,xiaomi,21
1912,xiaomi,33
1913,xiaomi,27
1914,xiaomi,36
1915,xiaomi,22
1916,xiaomi,33
1917,xiaomi,29
1918,xiaomi,24
1919,xiaomi,40
1920,xiaomi,39
1921,xiaomi,39
1922,xiaomi,35
1923,xiaomi,40
1924,xiaomi,36
1925,xiaomi,28
1926,xiaomi,24
1927,xiaomi,29
1928,xiaomi,30
1929,xiaomi,30
1930,xiaomi,27
1931,xiaomi,38
1932,xiaomi,33
1933,xiaomi,25
1934,xiaomi,38
1935,xiaomi,40
1936,xiaomi,25
1937,xiaomi,27
1938,xiaomi,22
1939,xiaomi,31
1940,xiaomi,32
1941,xiaomi,20
1942,xiaomi,37
1943,xiaomi,38
1944,xiaomi,37
1945,xiaomi,28
1946,xiaomi,29
1947,xiaomi,40
1948,xiaomi,25
1949,xiaomi,22
1950,xiaomi,40
1951,xiaomi,29
1952,xiaomi,31
1953,xiaomi,36
1954,xiaomi,28
1955,xiaomi,30
1956,xiaomi,27
1957,xiaomi,25
1958,xiaomi,33
1959,xiaomi,33
1960,xiaomi,34
1961,xiaomi,36
1962,xiaomi,28
1963,xiaomi,27
1964,xiaomi,26
1965,xiaomi,22
1966,xiaomi,33
1967,xiaomi,37
1968,xiaomi,28
1969,xiaomi,24
1970,xiaomi,31
1971,xiaomi,29
1972,xiaomi,26
1973,xiaomi,22
1974,xiaomi,28
1975,xiaomi,27
1976,xiaomi,38
1977,xiaomi,23
1978,xiaomi,24
1979,xiaomi,35
1980,xiaomi,36
1981,xiaomi,40
1982,xiaomi,20
1983,xiaomi,37
1984,xiaomi,34
1985,xiaomi,26
1986,xiaomi,31
1987,xiaomi,34
1988,xiaomi,20
1989,xiaomi,22
1990,xiaomi,33
1991,xiaomi,21
1992,xiaomi,36
1993,xiaomi,35
1994,xiaomi,39
1995,xiaomi,20
1996,xiaomi,20
1997,xiaomi,25
1998,xiaomi,35
1999,xiaomi,31
2000,xiaomi,24
2001,xiaomi,33
2002,xiaomi,21
2003,xiaomi,28
2004,xiaomi,40
2005,xiaomi,29
2006,xiaomi,26
2007,xiaomi,34
2008,xiaomi,23
2009,xiaomi,25
2010,xiaomi,40
2011,xiaomi,40
2012,xiaomi,29
2013,xiaomi,38
2014,xiaomi,27
2015,xiaomi,22
2016,xiaomi,28
2017,xiaomi,37
2018,xiaomi,21
2019,xiaomi,34
2020,xiaomi,35
2021,xiaomi,22
2022,xiaomi,28
2023,xiaomi,33
2024,xiaomi,20
2025,xiaomi,28
2026,xiaomi,35
2027,xiaomi,40
2028,xiaomi,28
2029,xiaomi,37
2030,xiaomi,26
2031,xiaomi,25
2032,xiaomi,38
2033,xiaomi,21
2034,xiaomi,37
2035,xiaomi,28
2036,xiaomi,23
2037,xiaomi,31
2038,xiaomi,39
2039,xiaomi,32
2040,xiaomi,35
2041,xiaomi,40
2042,xiaomi,27
2043,xiaomi,34
2044,xiaomi,31
2045,xiaomi,40
2046,xiaomi,26
2047,xiaomi,31
2048,xiaomi,32
2049,xiaomi,36
2050,xiaomi,36
2051,xiaomi,39
2052,xiaomi,31
2053,xiaomi,22
2054,xiaomi,30
2055,xiaomi,25
2056,xiaomi,22
2057,xiaomi,29
2058,xiaomi,21
2059,xiaomi,32
2060,xiaomi,32
2061,xiaomi,25
2062,xiaomi,24
2063,xiaomi,32
2064,xiaomi,27
2065,xiaomi,39
2066,xiaomi,35
2067,xiaomi,24
2068,xiaomi,34
2069,xiaomi,34
2070,xiaomi,39
2071,xiaomi,40
2072,xiaomi,30
2073,xiaomi,40
2074,xiaomi,38
2075,xiaomi,31
2076,xiaomi,22
2077,xiaomi,30
2078,xiaomi,40
2079,xiaomi,39
2080,xiaomi,26
2081,xiaomi,24
2082,xiaomi,27
2083,xiaomi,27
2084,xiaomi,20
2085,xiaomi,33
2086,xiaomi,40
2087,xiaomi,29
2088,xiaomi,30
2089,xiaomi,26
2090,xiaomi,29
2091,xiaomi,29
2092,xiaomi,30
2093,xiaomi,36
2094,xiaomi,32
2095,xiaomi,37
2096,xiaomi,27
2097,xiaomi,38
2098,xiaomi,26
2099,xiaomi,21
2100,bardi,16
2101,bardi,25
2102,bardi,13
2103,bardi,24
2104,bardi,16
2105,bardi,21
2106,bardi,14
2107,bardi,19
2108,bardi,21
2109,bardi,12
2110,bardi,11
2111,bardi,22
2112,bardi,10
2113,bardi,13
2114,bardi,22
2115,bardi,26
2116,bardi,28
2117,bardi,13
2118,bardi,17
2119,bardi,19
2120,bardi,10
2121,bardi,23
2122,bardi,27
2123,bardi,14
2124,bardi,11
2125,bardi,11
2126,bardi,18
2127,bardi,15
2128,bardi,18
2129,bardi,22
2130,bardi,10
2131,bardi,19
2132,bardi,26
2133,bardi,14
2134,bardi,27
2135,bardi,11
2136,bardi,19
2137,bardi,22
2138,bardi,15
2139,bardi,28
2140,bardi,14
2141,bardi,27
2142,bardi,13
2143,bardi,10
2144,bardi,25
2145,bardi,15
2146,bardi,26
2147,bardi,29
2148,bardi,24
2149,bardi,22
2150,bardi,12
2151,bardi,14
2152,bardi,20
2153,bardi,22
2154,bardi,30
2155,bardi,12
2156,bardi,11
2157,bardi,20
2158,bardi,16
2159,bardi,23
2160,bardi,11
2161,bardi,27
2162,bardi,13
2163,bardi,24
2164,bardi,13
2165,bardi,16
2166,bardi,12
2167,bardi,21
2168,bardi,17
2169,bardi,21
2170,bardi,30
2171,bardi,24
2172,bardi,18
2173,bardi,15
2174,bardi,27
2175,bardi,28
2176,bardi,23
2177,bardi,17
2178,bardi,19
2179,bardi,20
2180,bardi,26
2181,bardi,30
2182,bardi,17
2183,bardi,27
2184,bardi,26
2185,bardi,16
2186,bardi,17
2187,bardi,14
2188,bardi,27
2189,bardi,28
2190,bardi,23
2191,bardi,28
2192,bardi,16
2193,bardi,20
2194,bardi,23
2195,bardi,28
2196,bardi,28
2197,bardi,13
2198,bardi,20
2199,bardi,23
2200,bardi,27
2201,bardi,10
2202,bardi,24
2203,bardi,27
2204,bardi,30
2205,bardi,21
2206,bardi,30
2207,bardi,12
2208,bardi,23
2209,bardi,26
2210,bardi,19
2211,bardi,13
2212,bardi,29
2213,bardi,28
2214,bardi,27
2215,bardi,22
2216,bardi,13
2217,bardi,20
2218,bardi,26
2219,bardi,26
2220,bardi,19
2221,bardi,14
2222,bardi,29
2223,bardi,14
2224,bardi,22
2225,bardi,16
2226,bardi,15
2227,bardi,11
2228,bardi,23
2229,bardi,15
2230,bardi,12
2231,bardi,10
2232,bardi,25
2233,bardi,28
2234,bardi,12
2235,bardi,21
2236,bardi,13
2237,bardi,26
2238,bardi,28
2239,bardi,18
2240,bardi,12
2241,bardi,28
2242,bardi,22
2243,bardi,29
2244,bardi,21
2245,bardi,18
2246,bardi,20
2247,bardi,10
2248,bardi,14
2249,bardi,26
2250,bardi,28
2251,bardi,20
2252,bardi,22
2253,bardi,28
2254,bardi,30
2255,bardi,11
2256,bardi,16
2257,bardi,24
2258,bardi,13
2259,bardi,15
2260,bardi,11
2261,bardi,30
2262,bardi,20
2263,bardi,23
2264,bardi,30
2265,bardi,23
2266,bardi,25
2267,bardi,15
2268,bardi,23
2269,bardi,24
2270,bardi,30
2271,bardi,24
2272,bardi,27
2273,bardi,10
2274,bardi,19
2275,bardi,17
2276,bardi,10
2277,bardi,22
2278,bardi,24
2279,bardi,25
2280,bardi,21
2281,bardi,30
2282,bardi,16
2283,bardi,23
2284,bardi,24
2285,bardi,26
2286,bardi,23
2287,bardi,23
2288,bardi,29
2289,bardi,29
2290,bardi,22
2291,bardi,30
2292,bardi,24
2293,bardi,23
2294,bardi,11
2295,bardi,20
2296,bardi,10
2297,bardi,23
2298,bardi,12
2299,bardi,15
2300,bardi,21
2301,bardi,12
2302,bardi,27
2303,bardi,21
2304,bardi,14
2305,bardi,25
2306,bardi,23
2307,bardi,20
2308,bardi,26
2309,bardi,25
2310,bardi,21
2311,bardi,24
2312,bardi,12
2313,bardi,26
2314,bardi,28
2315,bardi,30
2316,bardi,17
2317,bardi,18
2318,bardi,10
2319,bardi,18
2320,bardi,25
2321,bardi,16
2322,bardi,26
2323,bardi,18
2324,bardi,28
2325,bardi,22
2326,bardi,27
2327,bardi,13
2328,bardi,29
2329,bardi,16
2330,bardi,10
2331,bardi,12
2332,bardi,10
2333,bardi,24
2334,bardi,20
2335,bardi,20
2336,bardi,25
2337,bardi,12
2338,bardi,22
2339,bardi,28
2340,bardi,29
2341,bardi,15
2342,bardi,19
2343,bardi,13
2344,bardi,23
2345,bardi,26
2346,bardi,29
2347,bardi,20
2348,bardi,27
2349,bardi,10
2350,bardi,23
2351,bardi,18
2352,bardi,22
2353,bardi,19
2354,bardi,22
2355,bardi,22
2356,bardi,30
2357,bardi,21
2358,bardi,13
2359,bardi,23
2360,bardi,12
2361,bardi,25
2362,bardi,13
2363,bardi,28
2364,bardi,13
2365,bardi,23
2366,bardi,23
2367,bardi,10
2368,bardi,18
2369,bardi,28
2370,bardi,22
2371,bardi,16
2372,bardi,28
2373,bardi,21
2374,bardi,14
2375,bardi,10
2376,bardi,11
2377,bardi,17
2378,bardi,22
2379,bardi,28
2380,bardi,28
2381,bardi,15
2382,bardi,20
2383,bardi,13
2384,bardi,17
2385,bardi,26
2386,bardi,11
2387,bardi,15
2388,bardi,29
2389,bardi,11
2390,bardi,20
2391,bardi,30
2392,bardi,24
2393,bardi,28
2394,bardi,23
2395,bardi,23
2396,bardi,29
2397,bardi,14
2398,bardi,13
2399,bardi,21
